{"data_time": 0.05241741700228886, "iteration": 0, "loss_bbox": 1.394339919090271, "loss_bbox_0": 1.394339919090271, "loss_bbox_1": 1.394339919090271, "loss_bbox_2": 1.394339919090271, "loss_bbox_3": 1.394339919090271, "loss_bbox_4": 1.346742033958435, "loss_bbox_dn": 0.9965503215789795, "loss_bbox_dn_0": 0.9965503215789795, "loss_bbox_dn_1": 0.9965503215789795, "loss_bbox_dn_2": 0.9965503215789795, "loss_bbox_dn_3": 0.9965503215789795, "loss_bbox_dn_4": 0.9965503215789795, "loss_bbox_enc": 1.356282114982605, "loss_class": 2.2591822147369385, "loss_class_0": 2.164504051208496, "loss_class_1": 2.354051113128662, "loss_class_2": 2.6067068576812744, "loss_class_3": 2.5160105228424072, "loss_class_4": 2.721916437149048, "loss_class_dn": 0.09730954468250275, "loss_class_dn_0": 0.10843013226985931, "loss_class_dn_1": 0.10885550081729889, "loss_class_dn_2": 0.11314085870981216, "loss_class_dn_3": 0.11915715783834457, "loss_class_dn_4": 0.11307218670845032, "loss_class_enc": 1.8427151441574097, "loss_giou": 1.565932273864746, "loss_giou_0": 1.565932273864746, "loss_giou_1": 1.565932273864746, "loss_giou_2": 1.565932273864746, "loss_giou_3": 1.565932273864746, "loss_giou_4": 1.565932273864746, "loss_giou_dn": 1.2687804698944092, "loss_giou_dn_0": 1.2687804698944092, "loss_giou_dn_1": 1.2687804698944092, "loss_giou_dn_2": 1.2687804698944092, "loss_giou_dn_3": 1.2687804698944092, "loss_giou_dn_4": 1.2687804698944092, "loss_giou_enc": 1.565932273864746, "lr": 0.0001, "rank_data_time": 0.05241741700228886, "total_loss": 51.35328613221645}
